{
    "translation": {
        "x": 0.9862231938792343,
        "y": 0.6982211803285568,
        "z": 0.4146117198281746
    },
    "rotation": {
        "x": -0.5157978911299365,
        "y": -0.4428540978134041,
        "z": 0.5088505215632815,
        "w": 0.5281135581109083
    }
}