{
    "translation": {
        "x": 1.3042032634361382,
        "y": 0.8049172173381817,
        "z": 0.4068449972680329
    },
    "rotation": {
        "x": 0.5086111013110772,
        "y": 0.5208345603199664,
        "z": -0.5186655929939415,
        "w": -0.4483660458193559
    },
    "header": {
        "frame": "base",
        "child_frame": "ar_marker_8"
    }
}