{
    "translation": {
        "x": 1.372903969262392,
        "y": 0.6427471881729846,
        "z": 0.399576938680737
    },
    "rotation": {
        "x": 0.5970807032488992,
        "y": 0.5209690029659555,
        "z": -0.4480583119661656,
        "w": -0.41391989664002643
    },
    "header": {
        "frame": "base",
        "child_frame": "ar_marker_8"
    }
}